Eantoine (wmn2=1.8e-07) X,Eantoine (wmn2=1.8e-07) Y,Eantoine (wmn2=2.621053e-07) X,Eantoine (wmn2=2.621053e-07) Y,Eantoine (wmn2=2.368421e-07) X,Eantoine (wmn2=2.368421e-07) Y,Eantoine (wmn2=1.863158e-07) X,Eantoine (wmn2=1.863158e-07) Y,Eantoine (wmn2=1.926316e-07) X,Eantoine (wmn2=1.926316e-07) Y,Eantoine (wmn2=1.989474e-07) X,Eantoine (wmn2=1.989474e-07) Y,Eantoine (wmn2=2.052632e-07) X,Eantoine (wmn2=2.052632e-07) Y,Eantoine (wmn2=2.115789e-07) X,Eantoine (wmn2=2.115789e-07) Y,Eantoine (wmn2=2.178947e-07) X,Eantoine (wmn2=2.178947e-07) Y,Eantoine (wmn2=2.242105e-07) X,Eantoine (wmn2=2.242105e-07) Y,Eantoine (wmn2=2.305263e-07) X,Eantoine (wmn2=2.305263e-07) Y,Eantoine (wmn2=2.431579e-07) X,Eantoine (wmn2=2.431579e-07) Y,Eantoine (wmn2=2.494737e-07) X,Eantoine (wmn2=2.494737e-07) Y,Eantoine (wmn2=2.557895e-07) X,Eantoine (wmn2=2.557895e-07) Y,Eantoine (wmn2=2.684211e-07) X,Eantoine (wmn2=2.684211e-07) Y,Eantoine (wmn2=3e-07) X,Eantoine (wmn2=3e-07) Y,Eantoine (wmn2=2.936842e-07) X,Eantoine (wmn2=2.936842e-07) Y,Eantoine (wmn2=2.810526e-07) X,Eantoine (wmn2=2.810526e-07) Y,Eantoine (wmn2=2.747368e-07) X,Eantoine (wmn2=2.747368e-07) Y,Eantoine (wmn2=2.873684e-07) X,Eantoine (wmn2=2.873684e-07) Y
2.5e-07,1.894266003243362e-17,2.5e-07,2.164110861520977e-17,2.5e-07,2.080224691953986e-17,2.5e-07,1.914635561481246e-17,2.5e-07,1.935012722368023e-17,2.5e-07,1.955641058995416e-17,2.5e-07,1.976246932085781e-17,2.5e-07,1.996907201278698e-17,2.5e-07,2.017611284890917e-17,2.5e-07,2.038456870931805e-17,2.5e-07,2.059343856637826e-17,2.5e-07,2.10115091545341e-17,2.5e-07,2.122118495085956e-17,2.5e-07,2.143125747014851e-17,2.5e-07,2.185190723374963e-17,2.5e-07,2.290600036626927e-17,2.5e-07,2.269823006722911e-17,2.5e-07,2.227381306036593e-17,2.5e-07,2.20622298664062e-17,2.5e-07,2.248617006630294e-17
2.552632e-07,1.895115368515927e-17,2.552632e-07,2.16485283830321e-17,2.552632e-07,2.081053897631659e-17,2.552632e-07,1.915439739656734e-17,2.552632e-07,1.935818096674649e-17,2.552632e-07,1.956420433762862e-17,2.552632e-07,1.976963983842148e-17,2.552632e-07,1.997706612548177e-17,2.552632e-07,2.018417562851671e-17,2.552632e-07,2.039170231366017e-17,2.552632e-07,2.060115904706853e-17,2.552632e-07,2.101842431752183e-17,2.552632e-07,2.122798339551494e-17,2.552632e-07,2.143807446619405e-17,2.552632e-07,2.186030575216077e-17,2.552632e-07,2.291460630599345e-17,2.552632e-07,2.270654894695585e-17,2.552632e-07,2.228223477035622e-17,2.552632e-07,2.207144492181691e-17,2.552632e-07,2.24941299736813e-17
2.605263e-07,1.895857804860648e-17,2.605263e-07,2.165797119089373e-17,2.605263e-07,2.081802697033457e-17,2.605263e-07,1.916239985482113e-17,2.605263e-07,1.936693791738959e-17,2.605263e-07,1.957253678346217e-17,2.605263e-07,1.9777846286573e-17,2.605263e-07,1.998448448861742e-17,2.605263e-07,2.019277524019768e-17,2.605263e-07,2.040065284006475e-17,2.605263e-07,2.060918677274861e-17,2.605263e-07,2.102732322985475e-17,2.605263e-07,2.123701607703447e-17,2.605263e-07,2.144715073889177e-17,2.605263e-07,2.186883661507534e-17,2.605263e-07,2.292330946832181e-17,2.605263e-07,2.271544050469032e-17,2.605263e-07,2.229152709076075e-17,2.605263e-07,2.2079918660307e-17,2.605263e-07,2.250326654088884e-17
2.657895e-07,1.896694121809172e-17,2.657895e-07,2.166625705089487e-17,2.657895e-07,2.082625906448968e-17,2.657895e-07,1.916930717993881e-17,2.657895e-07,1.937423994626147e-17,2.657895e-07,1.957943318123807e-17,2.657895e-07,1.978659146062417e-17,2.657895e-07,1.99925434115834e-17,2.657895e-07,2.020055181805954e-17,2.657895e-07,2.040894900701869e-17,2.657895e-07,2.061733146694782e-17,2.657895e-07,2.103561358023846e-17,2.657895e-07,2.124538603671776e-17,2.657895e-07,2.145469822175797e-17,2.657895e-07,2.187712142437314e-17,2.657895e-07,2.293188401249217e-17,2.657895e-07,2.272401898758815e-17,2.657895e-07,2.229997411147452e-17,2.657895e-07,2.208839966775699e-17,2.657895e-07,2.251186322789474e-17
2.710526e-07,1.897359879964221e-17,2.710526e-07,2.167406439529201e-17,2.710526e-07,2.083366857674058e-17,2.710526e-07,1.917815154396449e-17,2.710526e-07,1.938267872735693e-17,2.710526e-07,1.958733363931394e-17,2.710526e-07,1.979366007263106e-17,2.710526e-07,2.000146643302372e-17,2.710526e-07,2.020860732591765e-17,2.710526e-07,2.041610560947618e-17,2.710526e-07,2.06248057019752e-17,2.710526e-07,2.104288029034693e-17,2.710526e-07,2.125302828628824e-17,2.710526e-07,2.14638621269896e-17,2.710526e-07,2.18847011315606e-17,2.710526e-07,2.294020695059651e-17,2.710526e-07,2.273207934562527e-17,2.710526e-07,2.230754892158083e-17,2.710526e-07,2.209596955375895e-17,2.710526e-07,2.251966879347562e-17
2.763158e-07,1.898212397264282e-17,2.763158e-07,2.168343662720291e-17,2.763158e-07,2.084165655628669e-17,2.763158e-07,1.918530703720791e-17,2.763158e-07,1.938989025040198e-17,2.763158e-07,1.95968375674346e-17,2.763158e-07,1.980156393940594e-17,2.763158e-07,2.000990696035025e-17,2.763158e-07,2.021679767090193e-17,2.763158e-07,2.042460928300089e-17,2.763158e-07,2.063279453377113e-17,2.763158e-07,2.105185819978694e-17,2.763158e-07,2.126085518317092e-17,2.763158e-07,2.14720405694156e-17,2.763158e-07,2.189442701538637e-17,2.763158e-07,2.294732612819363e-17,2.763158e-07,2.273929078235798e-17,2.763158e-07,2.231735115439789e-17,2.763158e-07,2.210574323247434e-17,2.763158e-07,2.25269548405713e-17
2.815789e-07,1.898886490968045e-17,2.815789e-07,2.168942993169069e-17,2.815789e-07,2.085130284633206e-17,2.815789e-07,1.919262666728828e-17,2.815789e-07,1.939748695813335e-17,2.815789e-07,1.960310883287571e-17,2.815789e-07,1.980942218410074e-17,2.815789e-07,2.001770289105153e-17,2.815789e-07,2.022464670001566e-17,2.815789e-07,2.043274780351645e-17,2.815789e-07,2.064115681802279e-17,2.815789e-07,2.105864799763692e-17,2.815789e-07,2.126836632452548e-17,2.815789e-07,2.14787916530906e-17,2.815789e-07,2.190037978696411e-17,2.815789e-07,2.295684343205238e-17,2.815789e-07,2.274881474242554e-17,2.815789e-07,2.23235043087318e-17,2.815789e-07,2.211177619358304e-17,2.815789e-07,2.253551752537452e-17
2.868421e-07,1.89967251269561e-17,2.868421e-07,2.169823935019616e-17,2.868421e-07,2.08576452233415e-17,2.868421e-07,1.920048742335091e-17,2.868421e-07,1.940607501769332e-17,2.868421e-07,1.961212896308569e-17,2.868421e-07,1.981722321274152e-17,2.868421e-07,2.002562179413628e-17,2.868421e-07,2.023272845524356e-17,2.868421e-07,2.044054960430353e-17,2.868421e-07,2.064854997101671e-17,2.868421e-07,2.106719206101117e-17,2.868421e-07,2.127716895538278e-17,2.868421e-07,2.148751878102582e-17,2.868421e-07,2.190932068671975e-17,2.868421e-07,2.296514713422355e-17,2.868421e-07,2.275716048657202e-17,2.868421e-07,2.233280759529618e-17,2.868421e-07,2.212106722442552e-17,2.868421e-07,2.254484889983179e-17
2.921053e-07,1.900420956118228e-17,2.921053e-07,2.170667143569656e-17,2.921053e-07,2.086589649012166e-17,2.921053e-07,1.920829591396595e-17,2.921053e-07,1.941423113356076e-17,2.921053e-07,1.961864972617883e-17,2.921053e-07,1.982498239337683e-17,2.921053e-07,2.003201398375595e-17,2.921053e-07,2.023963680014997e-17,2.921053e-07,2.044779336852153e-17,2.921053e-07,2.065648566004129e-17,2.921053e-07,2.107465890630384e-17,2.921053e-07,2.12854475052497e-17,2.921053e-07,2.149590234912758e-17,2.921053e-07,2.191778320254867e-17,2.921053e-07,2.297409741618599e-17,2.921053e-07,2.276611109560402e-17,2.921053e-07,2.234100190346753e-17,2.921053e-07,2.212923661636152e-17,2.921053e-07,2.255307499576103e-17
2.973684e-07,1.901336176488068e-17,2.973684e-07,2.171549377721072e-17,2.973684e-07,2.087295048557718e-17,2.973684e-07,1.921598585294292e-17,2.973684e-07,1.942215077873018e-17,2.973684e-07,1.962632017700841e-17,2.973684e-07,1.983408315301845e-17,2.973684e-07,2.004108345217859e-17,2.973684e-07,2.024746852736034e-17,2.973684e-07,2.045568263338635e-17,2.973684e-07,2.066586022955767e-17,2.973684e-07,2.108469655619664e-17,2.973684e-07,2.129421942743701e-17,2.973684e-07,2.150469804728263e-17,2.973684e-07,2.192664216157425e-17,2.973684e-07,2.298257995415266e-17,2.973684e-07,2.277438639042337e-17,2.973684e-07,2.234991276687262e-17,2.973684e-07,2.213813312738692e-17,2.973684e-07,2.256196883984126e-17
3.026316e-07,1.901921872756687e-17,3.026316e-07,2.172392343272335e-17,3.026316e-07,2.088081993060553e-17,3.026316e-07,1.922319516380256e-17,3.026316e-07,1.942922655747938e-17,3.026316e-07,1.963530066007507e-17,3.026316e-07,1.984043786327219e-17,3.026316e-07,2.004852796436226e-17,3.026316e-07,2.025461329868521e-17,3.026316e-07,2.04634127276294e-17,3.026316e-07,2.067353936207129e-17,3.026316e-07,2.109249639963003e-17,3.026316e-07,2.130259221237758e-17,3.026316e-07,2.1513075801849e-17,3.026316e-07,2.193515261467541e-17,3.026316e-07,2.299023898494545e-17,3.026316e-07,2.278105116484205e-17,3.026316e-07,2.235633044816048e-17,3.026316e-07,2.214672239575771e-17,3.026316e-07,2.256856080168099e-17
3.078947e-07,1.902661595528785e-17,3.078947e-07,2.173132176957138e-17,3.078947e-07,2.089061422977795e-17,3.078947e-07,1.923196759727659e-17,3.078947e-07,1.94366938002894e-17,3.078947e-07,1.96428363681925e-17,3.078947e-07,1.98480867994058e-17,3.078947e-07,2.005459929494468e-17,3.078947e-07,2.026414102717669e-17,3.078947e-07,2.047210942025598e-17,3.078947e-07,2.068134986903623e-17,3.078947e-07,2.109972746643101e-17,3.078947e-07,2.130967549356396e-17,3.078947e-07,2.15203483244558e-17,3.078947e-07,2.194259823189857e-17,3.078947e-07,2.299886982039783e-17,3.078947e-07,2.279074234801343e-17,3.078947e-07,2.236609789121105e-17,3.078947e-07,2.215419066359521e-17,3.078947e-07,2.257828298214782e-17
3.131579e-07,1.903585791216358e-17,3.131579e-07,2.173930754028381e-17,3.131579e-07,2.089789601062696e-17,3.131579e-07,1.923812693287922e-17,3.131579e-07,1.944449920342479e-17,3.131579e-07,1.964981140618941e-17,3.131579e-07,1.985628936446837e-17,3.131579e-07,2.006358747414773e-17,3.131579e-07,2.027196403293382e-17,3.131579e-07,2.047966730726756e-17,3.131579e-07,2.068865674341722e-17,3.131579e-07,2.110775787511968e-17,3.131579e-07,2.131786844203267e-17,3.131579e-07,2.152837226041365e-17,3.131579e-07,2.195055003567658e-17,3.131579e-07,2.300549885531865e-17,3.131579e-07,2.279952139144447e-17,3.131579e-07,2.23740604237697e-17,3.131579e-07,2.216214577153941e-17,3.131579e-07,2.258693399150485e-17
3.184211e-07,1.90413923806579e-17,3.184211e-07,2.174710828468799e-17,3.184211e-07,2.090565537277716e-17,3.184211e-07,1.924555716004389e-17,3.184211e-07,1.945140317401494e-17,3.184211e-07,1.965727961210351e-17,3.184211e-07,1.98638190128895e-17,3.184211e-07,2.007171971283227e-17,3.184211e-07,2.027944353623331e-17,3.184211e-07,2.048742659053695e-17,3.184211e-07,2.069627423922463e-17,3.184211e-07,2.111541220846173e-17,3.184211e-07,2.13255878344192e-17,3.184211e-07,2.153616187935522e-17,3.184211e-07,2.195857393487437e-17,3.184211e-07,2.301502381822541e-17,3.184211e-07,2.280688484011206e-17,3.184211e-07,2.238216898842378e-17,3.184211e-07,2.217021402538357e-17,3.184211e-07,2.259440221217937e-17
3.236842e-07,1.904873901619436e-17,3.236842e-07,2.17549280183825e-17,3.236842e-07,2.091326252606111e-17,3.236842e-07,1.925378174028667e-17,3.236842e-07,1.945937515626697e-17,3.236842e-07,1.966525318223366e-17,3.236842e-07,1.987190276840632e-17,3.236842e-07,2.00791176707965e-17,3.236842e-07,2.028655521318708e-17,3.236842e-07,2.049541446609815e-17,3.236842e-07,2.070439485694623e-17,3.236842e-07,2.112310955357138e-17,3.236842e-07,2.13333196388279e-17,3.236842e-07,2.154393433599845e-17,3.236842e-07,2.196627339803201e-17,3.236842e-07,2.302336806719726e-17,3.236842e-07,2.281483810521978e-17,3.236842e-07,2.23900757602785e-17,3.236842e-07,2.217810390778145e-17,3.236842e-07,2.260232500118123e-17
3.289474e-07,1.905603137433559e-17,3.289474e-07,2.176269698812621e-17,3.289474e-07,2.092086685647737e-17,3.289474e-07,1.926157158242037e-17,3.289474e-07,1.946661554056675e-17,3.289474e-07,1.967257904430806e-17,3.289474e-07,1.987878316026648e-17,3.289474e-07,2.008661120886046e-17,3.289474e-07,2.029374144571301e-17,3.289474e-07,2.050298564287065e-17,3.289474e-07,2.071144641348032e-17,3.289474e-07,2.11307332293554e-17,3.289474e-07,2.13410052718521e-17,3.289474e-07,2.155165172392751e-17,3.289474e-07,2.197406316438298e-17,3.289474e-07,2.303149910485106e-17,3.289474e-07,2.282295445441324e-17,3.289474e-07,2.239793328087141e-17,3.289474e-07,2.218593501025365e-17,3.289474e-07,2.261020309927342e-17
3.342105e-07,1.906500974911797e-17,3.342105e-07,2.177051325793307e-17,3.342105e-07,2.092696611866756e-17,3.342105e-07,1.926839908015771e-17,3.342105e-07,1.947276140515319e-17,3.342105e-07,1.967991984108927e-17,3.342105e-07,1.98861613325328e-17,3.342105e-07,2.009404332455286e-17,3.342105e-07,2.030142132131555e-17,3.342105e-07,2.050974645140491e-17,3.342105e-07,2.071803357900903e-17,3.342105e-07,2.113829059984066e-17,3.342105e-07,2.134858520544582e-17,3.342105e-07,2.1559426897502e-17,3.342105e-07,2.198195182238512e-17,3.342105e-07,2.303941671889248e-17,3.342105e-07,2.283060520155686e-17,3.342105e-07,2.240573539017149e-17,3.342105e-07,2.219369434870712e-17,3.342105e-07,2.261805328291203e-17
3.394737e-07,1.907176661442899e-17,3.394737e-07,2.177678672763791e-17,3.394737e-07,2.093521150295292e-17,3.394737e-07,1.927568586708203e-17,3.394737e-07,1.948127983359131e-17,3.394737e-07,1.968680910614868e-17,3.394737e-07,1.989338893734074e-17,3.394737e-07,2.010073632786178e-17,3.394737e-07,2.030945055392819e-17,3.394737e-07,2.051743486399075e-17,3.394737e-07,2.072622907735242e-17,3.394737e-07,2.114524647594171e-17,3.394737e-07,2.135540194101702e-17,3.394737e-07,2.156620016796193e-17,3.394737e-07,2.198829235637951e-17,3.394737e-07,2.30469226099876e-17,3.394737e-07,2.283848850293653e-17,3.394737e-07,2.241329542071387e-17,3.394737e-07,2.220016935903576e-17,3.394737e-07,2.262584907914206e-17
3.447368e-07,1.907927913173027e-17,3.447368e-07,2.17852678124459e-17,3.447368e-07,2.094321756017327e-17,3.447368e-07,1.928186790410724e-17,3.447368e-07,1.948798712722041e-17,3.447368e-07,1.96940882978167e-17,3.447368e-07,1.990033222983504e-17,3.447368e-07,2.010818430065842e-17,3.447368e-07,2.031588618978849e-17,3.447368e-07,2.052539497512783e-17,3.447368e-07,2.073381484559784e-17,3.447368e-07,2.11530438469768e-17,3.447368e-07,2.136332219706979e-17,3.447368e-07,2.15741104538729e-17,3.447368e-07,2.19968153849648e-17,3.447368e-07,2.305451707834408e-17,3.447368e-07,2.284604606938801e-17,3.447368e-07,2.242083138556137e-17,3.447368e-07,2.220865713178824e-17,3.447368e-07,2.263329327795749e-17
3.5e-07,1.908556731087065e-17,3.5e-07,2.17929919886778e-17,3.5e-07,2.095094595394999e-17,3.5e-07,1.928898485672272e-17,3.5e-07,1.949498621681974e-17,3.5e-07,1.970124104440261e-17,3.5e-07,1.990802200313407e-17,3.5e-07,2.011458826001784e-17,3.5e-07,2.032404977226639e-17,3.5e-07,2.05328212041854e-17,3.5e-07,2.07415133030609e-17,3.5e-07,2.116096894230385e-17,3.5e-07,2.137140488848445e-17,3.5e-07,2.158224495881959e-17,3.5e-07,2.200456495748419e-17,3.5e-07,2.306166860544662e-17,3.5e-07,2.285384435487533e-17,3.5e-07,2.242793439286423e-17,3.5e-07,2.221646674769073e-17,3.5e-07,2.26411496181235e-17
